{"mean": [13.65705394744873, 1.4787116050720215, 0.018109332770109177, 0.030371343716979027, 3.670699119567871, 117.32672119140625, 7.228734970092773, 0.0, 0.0, 0.0], "std": [1.603827953338623, 0.6144167184829712, 0.18779845535755157, 0.010840948671102524, 3.886153221130371, 852.1934204101562, 84.28074645996094, 1.0, 1.0, 1.0]}