{"window_results": [{"window_id": 1, "best_val_ic": 0.42659073868750574, "train_loss": [0.2148885457427241, 0.2068388798311389, 0.20201189354884264, 0.1941327776956996, 0.19124629459838616, 0.18507327501538384, 0.18690626633906504, 0.18621076941053616, 0.18463985467451494, 0.19242922272258056], "val_mse": [0.008770791813731194, 0.006520236376672983, 0.00623227609321475, 0.005916365887969732, 0.005237569101154804, 0.004593957215547562, 0.004015253856778145, 0.0032287687063217163, 0.003008973551914096, 0.002894763834774494], "val_ic": [0.2836591474660038, 0.3511647575197189, 0.402386422057335, 0.42426882259815435, 0.42659073868750574, 0.4220735662090614, 0.4086976917767039, 0.405373545205447, 0.39784184333880546, 0.40419370002845106]}], "global_best_ic": 0.42659073868750574, "train_window": 128, "val_window": 1, "step": 10, "epochs": 50, "patience": 5, "ic_weight": 0.2, "hidden_channels": 64, "learning_rate": 0.001, "weight_decay": 0.0001}