{"train_losses": [4.176757335662842, 14.700915336608887, 3.353102684020996, 1.0544198751449585, 6.679867267608643, 5.085793495178223, 0.733555257320404, 0.5700791478157043, 3.2577314376831055, 3.6315836906433105, 1.452520489692688, 0.011258809827268124, 0.845837414264679, 2.1566379070281982, 1.9150255918502808, 0.6142260432243347, 0.0025775316171348095, 0.6170445084571838, 1.3189815282821655, 1.081299901008606, 0.3036562502384186, 0.009898512624204159, 0.4250824749469757, 0.8135727047920227, 0.6098973751068115, 0.13707220554351807, 0.02152872458100319, 0.31244802474975586, 0.5060927867889404, 0.3202288746833801, 0.042664650827646255, 0.04159243777394295, 0.24366889894008636, 0.3052102327346802, 0.1409764289855957, 0.003200471866875887, 0.06634457409381866, 0.18700721859931946, 0.16297756135463715, 0.04036989435553551, 0.0052194599993526936, 0.08315638452768326, 0.12581969797611237, 0.06428690254688263, 0.002040375489741564, 0.02728406712412834, 0.07781435549259186, 0.06272632628679276, 0.011052547954022884, 0.006006638053804636], "val_mses": [8224.7509765625, 7616.18798828125, 6901.0986328125, 6542.91650390625, 6557.6396484375, 6794.228515625, 7110.4111328125, 7325.544921875, 7316.64501953125, 7115.59619140625, 6836.00537109375, 6592.3623046875, 6458.18896484375, 6451.3408203125, 6549.29248046875, 6703.89501953125, 6847.02734375, 6911.87744140625, 6869.53662109375, 6742.7685546875, 6586.2783203125, 6457.38525390625, 6394.02734375, 6406.33349609375, 6479.10205078125, 6577.78173828125, 6657.78369140625, 6682.36279296875, 6641.3193359375, 6554.76611328125, 6460.07080078125, 6393.166015625, 6374.693359375, 6404.94921875, 6465.841796875, 6527.5810546875, 6560.6103515625, 6549.783203125, 6501.71826171875, 6439.75927734375, 6391.03466796875, 6373.98095703125, 6391.76953125, 6432.4111328125, 6474.32861328125, 6496.23291015625, 6487.78125, 6454.568359375, 6414.00341796875, 6385.39013671875], "val_ics": [-0.027272640931769378, -0.024935955662527737, -0.021345840330483413, -0.0192186918462889, -0.019612971816422957, -0.021429476525620002, -0.02345077737326281, -0.024717093355262242, -0.024824202988624096, -0.023956320612364277, -0.022559392184477844, -0.02120788968198137, -0.020456635467569814, -0.02055186686522859, -0.021336247879915147, -0.02241471728335309, -0.023344282224536748, -0.02379315696808161, -0.023649768548560827, -0.023022293590420285, -0.022173234658927923, -0.02143633129279238, -0.021094225891425056, -0.021249485112566757, -0.02179062176062469, -0.022465210955381336, -0.022995603885741085, -0.023188340877041913, -0.022998093762085718, -0.02252882423504276, -0.02198608565787008, -0.021597711859317286, -0.02151607047658993, -0.021749915504288307, -0.022170625438125254, -0.022581447628818217, -0.022807889207001376, -0.022769041640893953, -0.022502575121858263, -0.022141263692173486, -0.021852813647062815, -0.02176291409181679, -0.02189659394233015, -0.022172190725303517, -0.022448793074591453, -0.02259737058890086, -0.022559244304975103, -0.022367363689976084, -0.022125120632018058, -0.021953955577311755], "best_val_ic": -0.0192186918462889}