{"window_metrics": [{"window_id": 1, "best_val_ic": 0.03101291718818118}], "best_ic": 0.03101291718818118}