{"train_losses": [4.176759243011475, 14.700911521911621, 3.3531017303466797, 1.0544233322143555, 6.679864883422852, 5.08577823638916, 0.7335466742515564, 0.5700842142105103, 3.2577240467071533, 3.6315701007843018, 1.4525123834609985, 0.011257447302341461, 0.84583979845047, 2.156643867492676, 1.915010690689087, 0.6142168641090393, 0.0025778228882700205, 0.6170469522476196, 1.3189809322357178, 1.0813024044036865, 0.30365151166915894, 0.00989917665719986, 0.4250916540622711, 0.8135716319084167, 0.6098896861076355, 0.13706929981708527, 0.021529529243707657, 0.31244897842407227, 0.5060936808586121, 0.32022401690483093, 0.04266337305307388, 0.04159301891922951, 0.24366877973079681, 0.30521300435066223, 0.14097553491592407, 0.0031998108606785536, 0.06634586304426193, 0.18700732290744781, 0.16297833621501923, 0.04036865010857582, 0.0052200970239937305, 0.08315735310316086, 0.12581826746463776, 0.06428593397140503, 0.0020404609385877848, 0.027284421026706696, 0.07781454920768738, 0.06272676587104797, 0.011052049696445465, 0.0060066175647079945], "val_mses": [8224.7509765625, 7616.18896484375, 6901.10107421875, 6542.91796875, 6557.64111328125, 6794.22998046875, 7110.41259765625, 7325.544921875, 7316.64501953125, 7115.59521484375, 6836.00439453125, 6592.3623046875, 6458.189453125, 6451.34130859375, 6549.2939453125, 6703.89697265625, 6847.02978515625, 6911.87841796875, 6869.53662109375, 6742.76806640625, 6586.27783203125, 6457.38427734375, 6394.0283203125, 6406.333984375, 6479.10400390625, 6577.783203125, 6657.7861328125, 6682.3642578125, 6641.3193359375, 6554.76708984375, 6460.07177734375, 6393.16650390625, 6374.693359375, 6404.95068359375, 6465.84326171875, 6527.583984375, 6560.61181640625, 6549.78369140625, 6501.71826171875, 6439.75927734375, 6391.03515625, 6373.9814453125, 6391.77099609375, 6432.412109375, 6474.32861328125, 6496.2333984375, 6487.78271484375, 6454.568359375, 6414.00439453125, 6385.3916015625], "val_ics": [-0.027272640746763995, -0.02493595607705714, -0.021345841476084138, -0.019218694718944572, -0.01961297792737675, -0.0214294830014002, -0.023450777208315857, -0.024717092706080874, -0.02482419671279165, -0.023956309741732677, -0.02255938689426835, -0.021207886207938367, -0.02045663624205331, -0.020551872672047153, -0.02133625420118752, -0.022414722650745598, -0.023344285380707732, -0.023793157051781234, -0.023649766384911015, -0.023022287793242065, -0.022173230174812014, -0.021436330861443916, -0.021094227503442135, -0.021249487126029233, -0.02179062359465713, -0.022465213164192584, -0.02299560341019908, -0.023188338156321507, -0.022998091629496727, -0.022528819196037525, -0.02198608526776605, -0.02159771220303699, -0.021516073511370987, -0.02174991677549757, -0.02217063290500142, -0.02258144832343713, -0.022807889344898722, -0.022769041699278632, -0.022502570877232276, -0.022141261449964547, -0.021852809833568784, -0.021762910695294978, -0.02189659799284603, -0.022172188877156582, -0.022448798175126766, -0.022597375386129395, -0.022559245748268616, -0.02236736363278446, -0.022125119944615437, -0.02195395658495411], "best_val_ic": -0.019218694718944572}