{
  "annual_return": -0.26344665541517,
  "annual_volatility": 0.23974279620786407,
  "sharpe_ratio": -1.098872039461632,
  "max_drawdown": -0.13585916983099386
}